{"Winter": 20.86092715231788, "Summer": 49.00662251655629, "Monsoon": 30.132450331125828}